,count
the,283
of,191
a,185
to,160
learning,149
and,135
in,127
is,106
data,77
that,72
machine,70
as,60
or,43
for,42
are,41
an,41
algorithms,39
training,38
from,38
by,35
on,35
can,33
with,32
be,32
it,30
model,29
set,24
artificial,23
used,22
such,21
methods,19
also,19
algorithm,18
one,17
classification,17
has,17
this,17
models,16
example,16
supervised,16
other,15
between,15
field,15
input,15
article,15
have,15
its,14
which,14
unsupervised,14
examples,14
neural,14
been,14
not,14
was,14
ai,13
computer,13
some,13
but,12
perform,12
network,12
analysis,12
inputs,12
regression,12
tasks,12
many,11
networks,11
their,11
knowledge,11
mining,11
features,11
dictionary,11
feature,11
often,11
called,11
statistics,10
predictions,10
detection,10
decision,10
into,10
environment,10
learn,10
known,10
systems,10
problems,9
performance,9
logic,9
neurons,9
more,9
given,9
so,9
represented,9
function,9
signal,9
each,9
statistical,9
techniques,9
where,9
process,9
theory,9
reinforcement,8
s,8
related,8
genetic,8
time,8
based,8
using,8
programming,8
goal,8
learned,8
variables,8
without,8
linear,8
output,8
tree,8
while,8
then,8
sparse,7
learningmain,7
when,7
system,7
represent,7
rules,7
approach,7
these,7
typically,7
bayesian,7
ml,7
intelligence,7
mathematical,7
being,7
representation,7
make,7
labels,7
only,7
they,7
do,7
new,7
class,7
under,7
about,7
if,7
two,7
may,7
labeled,6
probabilistic,6
different,6
program,6
problem,6
no,6
generalization,6
various,6
approaches,6
research,6
rule,6
observations,6
anomaly,6
were,6
same,6
include,6
method,6
any,6
use,6
brain,6
all,6
computers,6
optimization,6
will,6
order,6
both,5
human,5
outputs,5
computational,5
than,5
recognition,5
information,5
inductive,5
within,5
complexity,5
neuron,5
at,5
situation,5
machines,5
association,5
deep,5
learns,5
cluster,5
study,5
way,5
take,5
separate,5
part,5
vision,5
discovery,5
out,5
well,4
component,4
performing,4
connection,4
either,4
would,4
space,4
matrix,4
classifier,4
uses,4
principal,4
consequence,4
polynomial,4
theoretical,4
results,4
future,4
needed,4
specific,4
difference,4
trained,4
normal,4
instead,4
biological,4
instances,4
considered,4
common,4
subfield,4
application,4
loss,4
d,4
work,4
pattern,4
hypothesis,4
rulebased,4
term,4
layer,4
exist,4
through,4
had,4
provided,4
representations,4
certain,4
definition,4
test,4
items,4
like,4
improve,4
discovering,4
identify,4
predictive,4
solve,4
unknown,4
mathrm,4
decisions,4
caa,4
having,4
target,4
relationships,4
layers,4
negative,4
reduction,4
involves,4
outlier,4
experience,4
leading,4
speech,4
clusters,3
what,3
according,3
image,3
density,3
bias,3
crossbar,3
concerned,3
variety,3
terms,3
build,3
unseen,3
fit,3
selflearning,3
lowdimensional,3
probability,3
however,3
applied,3
found,3
applications,3
manifold,3
unlabeled,3
ann,3
prediction,3
trees,3
line,3
contains,3
science,3
learner,3
rare,3
databases,3
programmed,3
including,3
previously,3
step,3
explicitly,3
number,3
nature,3
modeling,3
nonlinear,3
functions,3
eg,3
higherdimensional,3
researchers,3
kernel,3
represents,3
learningreinforcement,3
sample,3
medical,3
dimensionality,3
whether,3
key,3
logical,3
svm,3
evaluated,3
actions,3
algorithmic,3
does,3
answers,3
positive,3
continue,3
value,3
determine,3
train,3
addition,3
overfitting,3
users,3
inferences,3
area,3
similarity,3
basis,3
require,3
behavior,3
best,3
objects,3
potential,3
result,3
values,3
associated,3
here,3
supportvector,3
there,3
vector,3
game,3
how,3
dynamic,3
structure,3
categories,3
attempt,3
closely,3
desired,3
rather,3
multiple,3
feedback,3
focuses,3
representative,3
task,3
after,3
general,3
context,3
distribution,3
respect,3
large,3
random,3
emotion,3
predict,2
find,2
subset,2
burger,2
hidden,2
shapiro,2
presence,2
commonalities,2
playing,2
over,2
clustering,2
instance,2
against,2
implementations,2
preprocessing,2
teacher,2
setting,2
first,2
accuracy,2
facts,2
much,2
connected,2
objective,2
less,2
mimics,2
sometimes,2
difficult,2
maximize,2
increases,2
language,2
boundary,2
consists,2
weight,2
edges,2
particular,2
develop,2
divides,2
means,2
intelligent,2
filtering,2
should,2
tries,2
rewards,2
intrusion,2
array,2
real,2
significantly,2
working,2
transaction,2
call,2
properties,2
hypotheses,2
limited,2
representing,2
additional,2
due,2
decreases,2
store,2
least,2
detect,2
ilp,2
making,2
complex,2
members,2
underlying,2
domains,2
produce,2
broad,2
accurate,2
continuous,2
nodes,2
bioinformatics,2
defined,2
similar,2
networksmain,2
bounds,2
drawn,2
correctly,2
strong,2
apply,2
cannot,2
graph,2
semisupervised,2
contrast,2
sets,2
collection,2
email,2
patterns,2
show,2
finding,2
background,2
encompasses,2
assumptions,2
usually,2
kinds,2
induction,2
ability,2
aggregated,2
kdd,2
learningsee,2
collectively,2
generally,2
natural,2
topic,2
active,2
falls,2
inspired,2
inference,2
across,2
situations,2
said,2
studied,2
external,2
advice,2
diseases,2
symptoms,2
emotions,2
sequences,2
software,2
sparsely,2
search,2
memory,2
continued,2
mostly,2
dealing,2
video,2
during,2
images,2
graphical,2
deviations,2
opensource,2
t,2
outcomes,2
developed,2
classify,2
objectives,2
heuristic,2
question,2
computing,2
introduced,2
rain,2
sprinkler,2
defining,2
influence,2
improves,2
directed,2
p,2
measure,2
acyclic,2
book,2
action,2
compute,2
effective,2
every,2
morning,2
hand,2
last,2
useful,2
days,2
technique,2
allows,2
simple,2
send,2
programs,2
black,2
chance,2
constraint,2
species,2
engineering,2
them,2
federated,2
own,2
observed,2
aim,2
explain,2
behavioral,2
strategies,2
digits,2
individual,2
receives,2
likely,2
initial,2
correct,2
label,2
numbers,2
vast,2
available,2
fully,2
employs,2
discipline,2
discover,2
built,2
e,2
majority,2
reducing,2
original,2
text,2
toward,2
learningas,2
too,2
come,2
svms,2
disciplines,2
smaller,2
exact,2
changing,2
implicitly,2
trick,2
symbolic,2
pca,2
perceptrons,2
mdp,2
popular,2
practical,2
learningsemisupervised,2
form,2
signals,2
employed,2
moles,2
threshold,2
variable,2
referred,2
assumption,2
most,2
resulting,2
outside,2
noise,2
especially,2
achieving,2
dimension,2
along,2
leaves,2
predicts,2
identification,2
branches,2
anomalies,2
highdimensional,2
differing,1
raise,1
levels,1
hierarchy,1
seem,1
higherlevel,1
abstract,1
generating,1
events,1
captured,1
anomalous,1
unexpected,1
relational,1
utilization,1
argued,1
disentangles,1
characteristic,1
factors,1
lowerlevel,1
directly,1
vectors,1
systemsbased,1
novelties,1
autoencoders,1
factorization,1
forms,1
rakesh,1
concept,1
clusteringmanifold,1
outliers,1
exceptionsin,1
coding,1
meaning,1
zeros,1
abuse,1
errors,1
multilinear,1
reshaping,1
defect,1
subspace,1
immune,1
structural,1
fraud,1
bank,1
universally,1
interesting,1
manipulate,1
tensor,1
issue,1
singular,1
commonly,1
multidimensional,1
bursts,1
convenient,1
variation,1
learningrobot,1
generated,1
combination,1
modelrobot,1
patternsthree,1
learningsparse,1
clean,1
formed,1
likelihood,1
multitude,1
microclusters,1
starting,1
finally,1
metalearning,1
patch,1
assumed,1
idea,1
evolves,1
inherently,1
already,1
remainder,1
corresponding,1
abnormal,1
belongs,1
contexts,1
unbalanced,1
strongly,1
several,1
ksvd,1
construct,1
approximately,1
nphard,1
denoising,1
mamlassociation,1
rulesmain,1
algorithmssparse,1
computationally,1
interestingnessrulebased,1
fail,1
object,1
realworld,1
looking,1
identifies,1
mathematically,1
explicit,1
fact,1
motivated,1
datafeature,1
detectionin,1
adhere,1
inactivity,1
discovered,1
unless,1
seen,1
sensory,1
intended,1
detectionmain,1
yielded,1
attempts,1
programmingassociation,1
cannotanomaly,1
algorithmically,1
define,1
alternative,1
examination,1
relying,1
appropriately,1
able,1
suspicions,1
tomorrow,1
agrawal,1
nonlinearity,1
latter,1
extended,1
regularization,1
mathematics,1
mitigate,1
ridge,1
goto,1
trendline,1
fitting,1
microsoft,1
excel,1
logistic,1
even,1
introduces,1
taking,1
ordinary,1
advantage,1
map,1
spacebayesian,1
networka,1
influences,1
activated,1
grass,1
weta,1
belief,1
conditional,1
independence,1
dag,1
could,1
probabilities,1
squares,1
criterion,1
protein,1
belonging,1
go,1
item,1
conclusions,1
discrete,1
structures,1
conjunctions,1
lead,1
those,1
visually,1
describes,1
makingsupportvector,1
machinesmain,1
machinesupportvector,1
marked,1
builds,1
single,1
category,1
nonprobabilistic,1
binary,1
although,1
platt,1
scaling,1
efficiently,1
mapping,1
spacesillustration,1
setregression,1
analysismain,1
analysisregression,1
estimate,1
relationship,1
efficient,1
generalizations,1
treesmain,1
decentralizes,1
detrimental,1
thereby,1
furthering,1
impacts,1
society,1
prepared,1
ethics,1
becoming,1
notably,1
integrated,1
teamsfederated,1
learningfederated,1
adapted,1
distributed,1
allowing,1
skewed,1
privacy,1
maintained,1
needing,1
centralized,1
server,1
efficiency,1
decentralizing,1
devices,1
gboard,1
query,1
mobile,1
phones,1
searches,1
back,1
undesired,1
nonevaluated,1
uncertainty,1
algorithmstraining,1
diagramsgenetic,1
algorithmsmain,1
algorithma,1
ga,1
selection,1
mutation,1
crossover,1
generate,1
genotypes,1
hope,1
good,1
solutions,1
conversely,1
evolutionary,1
modelstypically,1
biased,1
high,1
quantity,1
reliable,1
engineers,1
need,1
collect,1
varied,1
corpus,1
sensor,1
collected,1
service,1
something,1
watch,1
derived,1
learningdecision,1
recognitiondecision,1
tomasz,1
predictionsinductive,1
areas,1
web,1
usage,1
production,1
sequence,1
consider,1
transactionslearning,1
lcs,1
family,1
combine,1
seek,1
contextdependent,1
piecewise,1
manner,1
rulelearning,1
basket,1
uniform,1
encoding,1
database,1
derive,1
hypothesized,1
entails,1
considers,1
kind,1
functional,1
programsinductive,1
particularly,1
processing,1
gordon,1
plotkin,1
today,1
market,1
laid,1
sales,1
imieliski,1
arun,1
swami,1
regularities,1
products,1
largescale,1
recorded,1
pointofsale,1
pos,1
supermarkets,1
displaystyle,1
onionspotatoes,1
rightarrow,1
onionspotatoesrightarrow,1
supermarket,1
placements,1
indicate,1
customer,1
buys,1
onions,1
potatoes,1
together,1
buy,1
hamburger,1
meat,1
marketing,1
activities,1
promotional,1
pricing,1
product,1
ehud,1
foundation,1
successful,1
travel,1
loosely,1
synapses,1
transmit,1
another,1
computed,1
sum,1
connections,1
adjusts,1
proceeds,1
strength,1
sent,1
aggregate,1
crosses,1
transformations,1
possibly,1
rulesan,1
traversing,1
timesthe,1
attention,1
moved,1
biology,1
translation,1
social,1
board,1
games,1
diagnosisdeep,1
processes,1
light,1
sound,1
hearing,1
units,1
taskspecific,1
implementation,1
networksee,1
prolog,1
inductively,1
inferred,1
refers,1
philosophical,1
suggesting,1
proving,1
property,1
wellordered,1
setmodelsperforming,1
creating,1
types,1
researched,1
systemsartificial,1
learningan,1
considering,1
interconnected,1
group,1
akin,1
automatically,1
circular,1
node,1
arrow,1
anotherartificial,1
anns,1
connectionist,1
vaguely,1
constitute,1
animal,1
brains,1
independent,1
amount,1
multilayer,1
started,1
analyticscontentsoverviewhistory,1
aics,1
connectionism,1
hopfield,1
rumelhart,1
hinton,1
main,1
success,1
came,1
mids,1
reinvention,1
backpropagationmachine,1
reorganized,1
flourish,1
abandoned,1
changed,1
tackling,1
solvable,1
shifted,1
focus,1
away,1
inherited,1
borrowed,1
fuzzy,1
theorythe,1
frequently,1
misunderstood,1
passive,1
around,1
retrieval,1
ideas,1
knowledgebased,1
academic,1
learningdimensionality,1
interested,1
attempted,1
termed,1
later,1
reinventions,1
generalized,1
reasoning,1
automated,1
diagnosishowever,1
increasing,1
emphasis,1
caused,1
proper,1
rift,1
learningunsupervised,1
miningoptimizationgeneralizationstatisticstheoryapproachessupervised,1
plagued,1
acquisition,1
intelligencedata,1
expert,1
dominate,1
favor,1
symbolicknowledgebased,1
did,1
fieldsartificial,1
now,1
business,1
whereas,1
implies,1
arises,1
intimate,1
ties,1
formulated,1
minimization,1
focusing,1
express,1
discrepancy,1
actual,1
wants,1
assign,1
preassigned,1
delivers,1
examplesgeneralizationthe,1
minimize,1
agent,1
minimizing,1
samples,1
characterizing,1
current,1
algorithmsstatisticsmachine,1
fields,1
distinct,1
draws,1
population,1
finds,1
generalizable,1
michael,1
i,1
dataoptimizationmachine,1
unavailability,1
typical,1
outperformed,1
interacting,1
successfully,1
goalsas,1
sources,1
assert,1
remains,1
others,1
view,1
aidata,1
miningmachine,1
employ,1
overlap,1
goals,1
confusion,1
communities,1
conferences,1
journals,1
ecml,1
pkdd,1
major,1
exception,1
comes,1
basic,1
reproduce,1
uninformed,1
exploratory,1
easily,1
early,1
quest,1
grew,1
usedhistory,1
teach,1
accomplish,1
satisfactory,1
cases,1
obvious,1
valid,1
past,1
digital,1
character,1
mnist,1
dataset,1
handwritten,1
worked,1
fieldssee,1
alsoreferencessourcesfurther,1
timeline,1
learningthe,1
coined,1
arthur,1
samuel,1
american,1
ibmer,1
pioneer,1
gaming,1
synonym,1
selfteaching,1
linksoverviewlearning,1
period,1
since,1
sun,1
stepthe,1
specify,1
x,1
families,1
rise,1
geographically,1
color,1
variants,1
y,1
undiscovered,1
swans,1
existmachine,1
probably,1
carry,1
assigned,1
possible,1
telling,1
execute,1
steps,1
required,1
advanced,1
challenging,1
manually,1
create,1
practice,1
turn,1
help,1
rose,1
programmers,1
readingexternal,1
nilssons,1
endeavor,1
hypothetical,1
his,1
paper,1
machinery,1
think,1
replaced,1
we,1
thinking,1
entities,1
domodern,1
day,1
assessmentsethicshardwareneuromorphicphysical,1
limitationsmodel,1
purpose,1
classifying,1
softwarejournalsconferencessee,1
modelsapplicationslimitationsbiasoverfittingother,1
coupled,1
typesmodelstraining,1
cancerous,1
stock,1
trading,1
inform,1
trader,1
predictionsartificial,1
intelligencemachine,1
aipart,1
reductionother,1
scientific,1
proposal,1
turings,1
alan,1
follows,1
interest,1
editionsproprietary,1
described,1
duda,1
hart,1
report,1
free,1
teaching,1
recognize,1
characters,1
letters,1
special,1
symbols,1
terminaltom,1
m,1
mitchell,1
widely,1
quoted,1
formal,1
softwareproprietary,1
learningsoftwarefree,1
networksembedded,1
measured,1
offers,1
fundamentally,1
operational,1
cognitive,1
jordan,1
methodological,1
taskfeature,1
play,1
reward,1
generality,1
control,1
operations,1
simulationbased,1
multiagent,1
swarm,1
wide,1
markov,1
assume,1
infeasible,1
autonomous,1
vehicles,1
opponentdimensionality,1
notion,1
reductiondimensionality,1
consideration,1
obtaining,1
words,1
elimination,1
extraction,1
keeping,1
proposes,1
lie,1
manifolds,1
regularizationother,1
typesother,1
dont,1
cumulative,1
ought,1
principles,1
yet,1
assignment,1
subsets,1
predesignated,1
criteria,1
dissimilar,1
metric,1
internal,1
compactness,1
separation,1
estimated,1
connectivitysemisupervised,1
completely,1
missing,1
machinelearning,1
agents,1
conjunction,1
small,1
nuanced,1
considerable,1
improvement,1
accuracyin,1
weakly,1
noisy,1
imprecise,1
cheaper,1
obtain,1
larger,1
setsreinforcement,1
neatly,1
threefold,1
categorisation,1
classic,1
behaves,1
wherefrom,1
initially,1
once,1
encountered,1
receiving,1
genome,1
goalseeking,1
desirable,1
undesirable,1
situationsfeature,1
learningseveral,1
better,1
components,1
meta,1
preserve,1
transform,1
makes,1
before,1
reconstruction,1
coming,1
datagenerating,1
necessarily,1
faithful,1
configurations,1
implausible,1
replaces,1
manual,1
environments,1
exists,1
secondary,1
backpropagated,1
become,1
dominant,1
ongoing,1
learningself,1
learningselflearning,1
paradigm,1
capable,1
named,1
adaptive,1
computes,1
fashion,1
feelings,1
driven,1
interaction,1
cognition,1
updates,1
w,1
iteration,1
executes,1
following,1
routine,1
receive,1
vs,1
update,1
vsit,1
neither,1
nor,1
featurescluster,1
explaining,1
summarizing,1
subject,1
uncertain,1
yield,1
guarantees,1
quite,1
biasvariance,1
decomposition,1
quantify,1
errorfor,1
match,1
fitted,1
increased,1
response,1
error,1
poorerin,1
outputsunsupervised,1
theorists,1
feasibility,1
computation,1
feasible,1
done,1
classes,1
timeapproachesmachine,1
traditionally,1
divided,1
three,1
depending,1
systemsupervised,1
presented,1
finite,1
because,1
branch,1
casesthe,1
tools,1
long,1
prehistory,1
he,1
suggested,1
placeholder,1
overall,1
fieldleo,1
breiman,1
distinguished,1
paradigms,1
wherein,1
forestsome,1
statisticians,1
adopted,1
combined,1
learningtheorymain,1
articles,1
theorya,1
core,1
generalize,1
accurately,1
examplestasks,1
experienced,1
occurrences,1
enables,1
sufficiently,1
maps,1
leaving,1
involving,1
verificationunsupervised,1
name,1
folder,1
file,1
emailsimilarity,1
measures,1
ranking,1
recommendation,1
visual,1
identity,1
tracking,1
face,1
verification,1
speaker,1
analysisunsupervised,1
itself,1
grouping,1
points,1
therefore,1
medicine,1
classified,1
categorized,1
responding,1
react,1
absence,1
piece,1
central,1
estimation,1
though,1
incoming,1
emails,1
filters,1
range,1
towards,1
end,1
tasksa,1
interacts,1
must,1
driving,1
vehicle,1
opponent,1
navigates,1
thats,1
analogous,1
maximizesupervised,1
conventional,1
learninga,1
regions,1
separated,1
circles,1
whitesupervised,1
unfeasible,1
supervisory,1
iterative,1
optimal,1
allow,1
tasktypes,1
supervisedlearning,1
restricted,1
numerical,1
google,1
